Instance,t-Stat,p-value,Significant
gr24,0.5025078085069995,0.6210848098064089,False
